Quotation date,Customer name,Channel (B2B or B2C),WAYAKIT product code,Odoo sales order,WAYAKIT Product name,Generic product type,Subindustry,Industry,Volume (L),Cost per unit (SAR),Predicted model price per unit (SAR),Predicted price per mL,Prediction message,Prediction case,Quoted quantity,Quoted price per unit (SAR),Total quoted price (SAR),Quoted unit profit (SAR),Quoted margin (%),Price per liter,Total volume [L],Total profit,Absolute price difference (Quoted-Predicted),Percentage price difference (quoted/predicted),Notes about prediction vs quoted,"Accepted quoted price by client (Yes, No, Pending)",Confirmed order,Invoice date,Sold quantity,Sold price per unit (SAR),Total sold price (SAR),Sold unit profit (SAR),Sold margin (%),Absolute price difference (Sold-Predicted),Percentage price difference (sold/predicted)
15/03/2025,Saqifat Alsafa,B2B,FP-FMN-00401,S00916,WAYAKIT GreenTech Facilities Management hard floor polish [4 L],Floor polish,Facilities management,Facilities management,4.0, SAR 54.29 , SAR 645.88 , SAR 0.161 ,"Price based on median generic product type - B2B: 0.1615 SAR/ml = 645.88 SAR, B2C: 0.1989 SAR/ml = 795.44 SAR. Price viable with 1089.6% profit margin",3,1.0, SAR 80.38 , SAR 80.38 , SAR 26.09 ,32%, SAR 20.10 , 4.0 , SAR 26.09 , SAR (565.49),-88%,Wrong prediction,Yes,Yes,24/07/2025,1.0, SAR 80.38 , SAR 80.38 , SAR 26.09 ,32%, SAR (565.49),-88%
15/03/2025,Saqifat Alsafa,B2B,FP-FMN-00701,S00916,WAYAKIT GreenTech Facilities Management stain spot remover [4 L],Stain remover,Facilities management,Facilities management,4.0, SAR 58.48 , SAR 308.20 , SAR 0.077 ,"Price based on median generic product type - B2B: 0.0771 SAR/ml = 308.20 SAR, B2C: 0.0987 SAR/ml = 394.82 SAR. Price viable with 427.0% profit margin",3,1.0, SAR 50.69 , SAR 50.69 , SAR (7.79),-15%, SAR 12.67 , 4.0 , SAR (7.79), SAR (257.51),-84%,Wrong prediction,Yes,Yes,24/07/2025,1.0, SAR 50.69 , SAR 50.69 , SAR (7.79),-15%, SAR (257.51),-84%
15/03/2025,Saqifat Alsafa,B2B,FP-FMN-00801,S00916,WAYAKIT GreenTech Facilities Management marble floor cleaner [4 L],Marble floor cleaner,Facilities management,Facilities management,4.0, SAR 13.97 , SAR 338.05 , SAR 0.085 ,Price based on median generic product type - B2C: 0.0845 SAR/ml = 338.05 SAR. Price viable with 2319.9% profit margin,3,6.0, SAR 90.22 , SAR 541.31 , SAR 76.25 ,85%, SAR 22.55 , 24.0 , SAR 457.49 , SAR (247.84),-73%,Wrong prediction,Yes,Yes,24/07/2025,6.0, SAR 90.22 , SAR 541.31 , SAR 76.25 ,85%, SAR (247.84),-73%
15/03/2025,Saqifat Alsafa,B2B,FP-FMN-01100,S00916,WAYAKIT GreenTech Facilities Management surface sanitizing rags [Pack of 20 wet rags],Cleaning wet wipes,Facilities management,Facilities management,0.0, SAR 9.01 , SAR 11.71 , SAR -   ,Price based on median generic product type - B2C: 0.2500 SAR/ml = 5.00 SAR. Low predicted price. Using minimum viable price with 30% profit margin.,3,2.0, SAR 27.59 , SAR 55.17 , SAR 18.58 ,67%, SAR -   , -   , SAR 37.15 , SAR 15.87 ,136%,Wrong prediction,Yes,Yes,24/07/2025,2.0, SAR 27.59 , SAR 55.17 , SAR 18.58 ,67%, SAR 15.87 ,136%
15/03/2025,Saqifat Alsafa,B2B,FP-FMN-01401,S00916,WAYAKIT GreenTech Facilities Management restroom air freshener [4 L],Air freshener,Facilities management,Facilities management,4.0, SAR 19.60 , SAR 240.00 , SAR 0.060 ,Price based on direct competition - Price viable with 1124.5% profit margin,1,4.0, SAR 87.96 , SAR 351.84 , SAR 68.36 ,78%, SAR 21.99 , 16.0 , SAR 273.44 , SAR (152.04),-63%,Wrong prediction,Yes,Yes,24/07/2025,4.0, SAR 87.96 , SAR 351.84 , SAR 68.36 ,78%, SAR (152.04),-63%
15/03/2025,Saqifat Alsafa,B2B,FP-FMN-02101,S00916,WAYAKIT GreenTech Facilities Management air freshener [4 L],Air freshener,Facilities management,Facilities management,4.0, SAR 19.60 , SAR 146.67 , SAR 0.037 ,Price based on direct competition - Price viable with 648.3% profit margin,1,4.0, SAR 71.64 , SAR 286.56 , SAR 52.04 ,73%, SAR 17.91 , 16.0 , SAR 208.16 , SAR (75.03),-51%,Wrong prediction,Yes,Yes,24/07/2025,4.0, SAR 71.64 , SAR 286.56 , SAR 52.04 ,73%, SAR (75.03),-51%
15/03/2025,Saqifat Alsafa,B2B,FP-FMN-02301,S00916,WAYAKIT GreenTech Facilities Management stainless steel polish and cleaner for fixtures and fittings [4 L],Stainless steel cleaner,Facilities management,Facilities management,4.0, SAR 15.14 , SAR 130.00 , SAR 0.033 ,Price based on direct competition - Price viable with 758.5% profit margin,1,2.0, SAR 84.22 , SAR 168.45 , SAR 69.08 ,82%, SAR 21.06 , 8.0 , SAR 138.16 , SAR (45.78),-35%,Wrong prediction,Yes,Yes,24/07/2025,2.0, SAR 84.22 , SAR 168.45 , SAR 69.08 ,82%, SAR (45.78),-35%
15/03/2025,Saqifat Alsafa,B2B,FP-FMN-02401,S00916,WAYAKIT GreenTech Facilities Management escalator cleaner [4 L],General purpose cleaner,Facilities management,Facilities management,4.0, SAR 15.16 , SAR 100.00 , SAR 0.025 ,"Price based on median generic product type - B2B: 0.0250 SAR/ml = 100.00 SAR, B2C: 0.0338 SAR/ml = 135.04 SAR. Price viable with 559.6% profit margin",3,1.0, SAR 69.20 , SAR 69.20 , SAR 54.04 ,78%, SAR 17.30 , 4.0 , SAR 54.04 , SAR (30.81),-31%,Wrong prediction,Yes,Yes,24/07/2025,1.0, SAR 69.20 , SAR 69.20 , SAR 54.04 ,78%, SAR (30.81),-31%
15/03/2025,Saqifat Alsafa,B2B,FP-FMN-02501,S00916,WAYAKIT GreenTech Facilities Management escalator tread brightener [4 L],Surface lubricant and protectant,Facilities management,Facilities management,4.0, SAR 15.14 , SAR 376.00 , SAR 0.094 ,"Price based on median generic product type - B2B: 0.0940 SAR/ml = 376.00 SAR, B2C: 0.2110 SAR/ml = 844.17 SAR. Price viable with 2383.2% profit margin",3,1.0, SAR 81.36 , SAR 81.36 , SAR 66.22 ,81%, SAR 20.34 , 4.0 , SAR 66.22 , SAR (294.64),-78%,Wrong prediction,Yes,Yes,24/07/2025,1.0, SAR 81.36 , SAR 81.36 , SAR 66.22 ,81%, SAR (294.64),-78%
15/03/2025,Saqifat Alsafa,B2B,FP-FMN-02901,S00916,WAYAKIT GreenTech Facilities Management Fabric refresher [4 L],Fabric refresher,Facilities management,Facilities management,4.0, SAR 36.72 , SAR 239.20 , SAR 0.060 ,Price based on direct competition - Price viable with 551.4% profit margin,1,2.0, SAR 101.16 , SAR 202.32 , SAR 64.44 ,64%, SAR 25.29 , 8.0 , SAR 128.88 , SAR (138.04),-58%,Wrong prediction,Yes,Yes,24/07/2025,2.0, SAR 101.16 , SAR 202.32 , SAR 64.44 ,64%, SAR (138.04),-58%
15/03/2025,Saqifat Alsafa,B2B,FP-FMN-03100,S00916,WAYAKIT GreenTech FM Foam Hand Soap [4 L],Hand soap,Facilities management,Facilities management,4.0, SAR 18.24 , SAR 62.22 , SAR 0.016 ,"Price based on median generic product type - B2B: 0.0156 SAR/ml = 62.22 SAR, B2C: 0.0115 SAR/ml = 46.00 SAR. Price viable with 241.1% profit margin",3,9.0, SAR 31.37 , SAR 282.31 , SAR 13.13 ,42%, SAR 7.84 , 36.0 , SAR 118.15 , SAR (30.85),-50%,Wrong prediction,Yes,Yes,24/07/2025,9.0, SAR 31.37 , SAR 282.31 , SAR 13.13 ,42%, SAR (30.85),-50%
15/07/2025,Clarion hotels,B2B,FP-HOT-04903,S00938,WAYAKIT GreenTech Hotels Leather cleaner [Box of 12 units 700 mL],Leather and vinyl cleaner,Hotels,Horeca,8.4, SAR 55.69 , SAR 879.07 , SAR 0.105 ,Price based on median generic product type - B2C: 0.1047 SAR/ml = 879.07 SAR. Price viable with 1478.4% profit margin,3,4.0, SAR 211.08 , SAR 844.32 , SAR 155.39 ,74%, SAR 25.13 , 33.6 , SAR 621.55 , SAR (667.99),-76%,Wrong prediction,No,Yes,15/07/2025,4.0, SAR 200.53 , SAR 802.12 , SAR 144.84 ,72%, SAR (678.54),-77%
15/07/2025,VoltBox,B2B,FP-SPO-02102,,WAYAKIT GreenTech Sports Extreme odor neutralizer and cleaner [20 L],Odor eliminator,Gyms,Facilities management,20.0, SAR 98.24 , SAR 985.89 , SAR 0.049 ,"Price based on median generic product type - B2B: 0.0493 SAR/ml = 985.89 SAR, B2C: 0.1864 SAR/ml = 3728.31 SAR. Price viable with 903.6% profit margin",3,1.0, SAR 887.30 , SAR 887.30 , SAR 789.06 ,89%, SAR 44.37 , 20.0 , SAR 789.06 , SAR (98.59),-10%,Wrong prediction,Pending,,,,,  ,  ,,  ,
16/07/2025,Diplomat Sweets,B2B,FP-RES-00901,,WAYAKIT GreenTech Food Services Non-slip floor cleaner for safety [4 L],Floor cleaner,Restaurants,Horeca,4.0, SAR 13.97 , SAR 80.80 , SAR 0.020 ,"Price based on median generic product type - B2B: 0.0202 SAR/ml = 80.80 SAR, B2C: 0.0288 SAR/ml = 115.34 SAR. Price viable with 48.8% profit margin",3,88.0, SAR 72.72 ," SAR 6,399.36 ", SAR 58.75 ,81%, SAR 18.18 , 352.0 ," SAR 5,170.00 ", SAR (8.08),-10%,Wrong prediction,Pending,,,,,  ,  ,,  ,
16/07/2025,Diplomat Sweets,B2B,FP-RES-01901,,WAYAKIT GreenTech Food Services Heavy-duty toilet and urinal cleaner [4 L],"Toilet, shower and tile cleaner",Restaurants,Horeca,4.0, SAR 23.08 , SAR 94.79 , SAR 0.024 ,"Price based on median generic product type - B2B: 0.0237 SAR/ml = 94.79 SAR, B2C: 0.0310 SAR/ml = 124.00 SAR. Price viable with 310.7% profit margin",3,4.0, SAR 34.00 , SAR 136.00 , SAR 10.92 ,32%, SAR 8.50 , 16.0 , SAR 43.68 , SAR (60.79),-64%,Wrong prediction,Pending,,,,,  ,  ,,  ,
16/07/2025,Diplomat Sweets,B2B,FP-RES-00601,,WAYAKIT GreenTech Food Services Glass cleaner [4 L],Glass cleaner,Restaurants,Horeca,4.0, SAR 16.68 , SAR 32.68 , SAR 0.008 ,Price based on direct competition - Price viable with 95.9% profit margin,1,4.0, SAR 24.48 , SAR 97.92 , SAR 7.80 ,32%, SAR 6.12 , 16.0 , SAR 31.20 , SAR (8.20),-25%,Wrong prediction,Pending,,,,,  ,  ,,  ,
16/07/2025,Diplomat Sweets,B2B,FP-RES-00101,,WAYAKIT GreenTech Food Services Food-grade sanitizer for countertops and prep areas [4 L],Disinfectant and cleaner,Restaurants,Horeca,4.0, SAR 15.16 , SAR 32.64 , SAR 0.008 ,Price based on direct competition - Price viable with 115.3% profit margin,1,4.0, SAR 60.80 , SAR 243.20 , SAR 45.64 ,75%, SAR 15.20 , 16.0 , SAR 182.56 , SAR 28.16 ,86%,Wrong prediction,Pending,,,,,  ,  ,,  ,
16/07/2025,Diplomat Sweets,B2B,FP-RES-00401,,WAYAKIT GreenTech Food Services General sanitizer for vegetable and salad washing [4 L],Disinfectant and cleaner,Restaurants,Horeca,4.0, SAR 15.16 , SAR 19.71 , SAR 0.005 ,Price based on direct competition - Low predicted price. Using minimum viable price with 30% profit margin.,1,1.0, SAR 60.80 , SAR 60.80 , SAR 45.64 ,75%, SAR 15.20 , 4.0 , SAR 45.64 , SAR 41.09 ,209%,Wrong prediction,Pending,,,,,  ,  ,,  ,
16/07/2025,Diplomat Sweets,B2B,FP-RES-02101,,WAYAKIT GreenTech Food Services Hand soap [4 L],Hand soap,Restaurants,Horeca,4.0, SAR 14.64 , SAR 42.50 , SAR 0.011 ,Price based on direct competition - Price viable with 190.3% profit margin,1,5.0, SAR 34.00 , SAR 170.00 , SAR 19.36 ,57%, SAR 8.50 , 20.0 , SAR 96.80 , SAR (8.50),-20%,Wrong prediction,Pending,,,,,  ,  ,,  ,
1/7/2025,Saldwich,B2B,FP-RES-01903,,WAYAKIT GreenTech Food Services Heavy-duty toilet and urinal cleaner [Box of 12 units 700 mL],"Toilet, shower and tile cleaner",Restaurants,Horeca,8.4, SAR 72.32 , SAR 199.06 , SAR 0.024 ,"Price based on median generic product type - B2B: 0.0237 SAR/ml = 199.06 SAR, B2C: 0.0310 SAR/ml = 260.40 SAR. Price viable with 175.2% profit margin",3,1.0, SAR 162.12 , SAR 162.12 , SAR 89.80 ,55%, SAR 19.30 , 8.4 , SAR 89.80 , SAR (36.94),-19%,Wrong prediction,Pending,,,,,  ,  ,,  ,
1/7/2025,Saldwich,B2B,FP-RES-00103,,WAYAKIT GreenTech Food Services Food-grade sanitizer for countertops and prep areas [Box of 12 units 700 mL],Disinfectant and cleaner,Restaurants,Horeca,8.4, SAR 55.69 , SAR 72.40 , SAR 0.009 ,Price based on direct competition - Low predicted price. Using minimum viable price with 30% profit margin.,1,1.0, SAR 150.60 , SAR 150.60 , SAR 94.91 ,63%, SAR 17.93 , 8.4 , SAR 94.91 , SAR 78.20 ,108%,Wrong prediction,Pending,,,,,  ,  ,,  ,
16/07/2025,SRACO,B2B,FP-FMN-01400,,WAYAKIT GreenTech Facilities Management restroom air freshener [700 mL],Air freshener,Facilities management,Facilities management,0.7, SAR 5.42 , SAR 42.00 , SAR 0.060 ,Price based on direct competition - Price viable with 675.2% profit margin,1,35637.0, SAR 10.44 ," SAR 372,050.28 ", SAR 5.02 ,48%, SAR 14.91 ," 24,945.9 "," SAR 178,969.01 ", SAR (31.56),-75%,Wrong prediction,Pending,,,,,  ,  ,,  ,
16/07/2025,SRACO,B2B,FP-FMN-00101,,WAYAKIT GreenTech Facilities Management general purpose cleaner [4 L],General purpose cleaner,Facilities management,Facilities management,4.0, SAR 15.16 , SAR 43.35 , SAR 0.011 ,Price based on direct competition - Price viable with 186.0% profit margin,1,27760.0, SAR 36.20 ," SAR 1,004,912.00 ", SAR 21.04 ,58%, SAR 9.05 ," 111,040.0 "," SAR 584,070.40 ", SAR (7.15),-16%,Wrong prediction,Pending,,,,,  ,  ,,  ,
16/07/2025,SRACO,B2B,FP-FMN-00200,,WAYAKIT GreenTech Facilities Management wood furniture cleaner [700 mL],Furniture polish,Facilities management,Facilities management,0.7, SAR 11.49 , SAR 24.19 , SAR 0.035 ,Price based on direct competition - Price viable with 110.5% profit margin,1,30093.0, SAR 15.75 ," SAR 473,964.75 ", SAR 4.26 ,27%, SAR 22.50 ," 21,065.1 "," SAR 128,212.73 ", SAR (8.44),-35%,Wrong prediction,Pending,,,,,  ,  ,,  ,
16/07/2025,SRACO,B2B,FP-FMN-01006,,WAYAKIT GreenTech Facilities Management Concentrated broad-spectrum disinfectant for surfaces and touchpoints [20 L],Disinfectant and cleaner,Facilities management,Facilities management,20.0, SAR 279.84 , SAR 363.79 , SAR 0.018 ,Price based on direct competition - Low predicted price. Using minimum viable price with 30% profit margin.,1,1344.0, SAR 598.97 ," SAR 805,015.68 ", SAR 319.13 ,53%, SAR 29.95 ," 26,880.0 "," SAR 428,910.72 ", SAR 235.18 ,65%,Wrong prediction,Pending,,,,,  ,  ,,  ,
16/07/2025,SRACO,B2B,FP-FMN-03700,,WAYAKIT GreenTech FM Empty bottle [700 mL],Other consumables,Facilities management,Facilities management,0.7, SAR 3.21 , SAR 14.63 , SAR 0.021 ,No product type. The median of Facilities management is 0.0209 SAR/ml and the recommended price per ml is 0.0209 SAR/ml. Price viable with 355.8% profit margin,4,4063.0, SAR 4.99 ," SAR 20,274.37 ", SAR 1.78 ,36%, SAR 7.13 ," 2,844.1 "," SAR 7,232.14 ", SAR (9.64),-66%,Wrong prediction,Pending,,,,,  ,  ,,  ,
16/07/2025,SRACO,B2B,FP-FMN-01702,,WAYAKIT GreenTech Facilities Management degreaser for food service areas [20 L],Degreaser,Facilities management,Facilities management,20.0, SAR 34.49 , SAR 920.00 , SAR 0.046 ,Price based on direct competition - Price viable with 2567.4% profit margin,1,744.0, SAR 170.00 ," SAR 126,480.00 ", SAR 135.51 ,80%, SAR 8.50 ," 14,880.0 "," SAR 100,819.44 ", SAR (750.00),-82%,Wrong prediction,Pending,,,,,  ,  ,,  ,
16/07/2025,SRACO,B2B,FP-FMN-01002,,WAYAKIT GreenTech Facilities Management broad-spectrum disinfectant for surfaces and touchpoints [20 L],Disinfectant and cleaner,Facilities management,Facilities management,20.0, SAR 40.44 , SAR 268.40 , SAR 0.013 ,Price based on direct competition - Price viable with 563.7% profit margin,1,108.0, SAR 190.00 ," SAR 20,520.00 ", SAR 149.56 ,79%, SAR 9.50 ," 2,160.0 "," SAR 16,152.48 ", SAR (78.40),-29%,Wrong prediction,Pending,,,,,  ,  ,,  ,
16/07/2025,SRACO,B2B,FP-FMN-01001,,WAYAKIT GreenTech Facilities Management broad-spectrum disinfectant for surfaces and touchpoints [4 L],Disinfectant and cleaner,Facilities management,Facilities management,4.0, SAR 15.16 , SAR 53.68 , SAR 0.013 ,Price based on direct competition - Price viable with 254.1% profit margin,1,32052.0, SAR 47.52 ," SAR 1,523,111.04 ", SAR 32.36 ,68%, SAR 11.88 ," 128,208.0 "," SAR 1,037,202.72 ", SAR (6.16),-11%,Wrong prediction,Pending,,,,,  ,  ,,  ,
16/07/2025,SRACO,B2B,FP-FMN-01201,,WAYAKIT GreenTech Facilities Management heavy-duty toilet and urinal cleaner [4 L],"Toilet, shower and tile cleaner",Facilities management,Facilities management,4.0, SAR 23.08 , SAR 65.54 , SAR 0.016 ,Price based on direct competition - Price viable with 184.0% profit margin,1,4318.0, SAR 48.20 ," SAR 208,127.60 ", SAR 25.12 ,52%, SAR 12.05 ," 17,272.0 "," SAR 108,468.16 ", SAR (17.34),-26%,Wrong prediction,Pending,,,,,  ,  ,,  ,
16/07/2025,SRACO,B2B,FP-FMN-01001,,WAYAKIT GreenTech Facilities Management broad-spectrum disinfectant for surfaces and touchpoints [4 L],Disinfectant and cleaner,Facilities management,Facilities management,4.0, SAR 15.16 , SAR 53.68 , SAR 0.013 ,Price based on direct competition - Price viable with 254.1% profit margin,1,39148.0, SAR 47.52 ," SAR 1,860,312.96 ", SAR 32.36 ,68%, SAR 11.88 ," 156,592.0 "," SAR 1,266,829.28 ", SAR (6.16),-11%,Wrong prediction,Pending,,,,,  ,  ,,  ,
16/07/2025,SRACO,B2B,FP-FMN-03600,,WAYAKIT GreenTech FM Manual dishwashing soap [4 L],Dishwashing soap,Facilities management,Facilities management,4.0, SAR 44.64 , SAR 105.26 , SAR 0.026 ,Price based on direct competition - Price viable with 135.8% profit margin,1,1363.0, SAR 77.25 ," SAR 105,291.75 ", SAR 32.61 ,42%, SAR 19.31 ," 5,452.0 "," SAR 44,447.43 ", SAR (28.01),-27%,Wrong prediction,Pending,,,,,  ,  ,,  ,
16/07/2025,SRACO,B2B,FP-FMN-03701,,WAYAKIT GreenTech FM Empty bottle [4 L],Other consumables,Facilities management,Facilities management,4.0, SAR 9.34 , SAR 83.60 , SAR 0.021 ,No product type. The median of Facilities management is 0.0209 SAR/ml and the recommended price per ml is 0.0209 SAR/ml. Price viable with 795.1% profit margin,4,475.0, SAR 13.34 ," SAR 6,336.50 ", SAR 4.00 ,30%, SAR 3.34 ," 1,900.0 "," SAR 1,900.00 ", SAR (70.26),-84%,Wrong prediction,Pending,,,,,  ,  ,,  ,
16/07/2025,SRACO,B2B,FP-FMN-03701,,WAYAKIT GreenTech FM Empty bottle [4 L],Other consumables,Facilities management,Facilities management,4.0, SAR 9.34 , SAR 83.60 , SAR 0.021 ,No product type. The median of Facilities management is 0.0209 SAR/ml and the recommended price per ml is 0.0209 SAR/ml. Price viable with 795.1% profit margin,4,779.0, SAR 13.34 ," SAR 10,391.86 ", SAR 4.00 ,30%, SAR 3.34 ," 3,116.0 "," SAR 3,116.00 ", SAR (70.26),-84%,Wrong prediction,Pending,,,,,  ,  ,,  ,
16/07/2025,SRACO,B2B,FP-FMN-03701,,WAYAKIT GreenTech FM Empty bottle [4 L],Other consumables,Facilities management,Facilities management,4.0, SAR 9.34 , SAR 83.60 , SAR 0.021 ,No product type. The median of Facilities management is 0.0209 SAR/ml and the recommended price per ml is 0.0209 SAR/ml. Price viable with 795.1% profit margin,4,413.0, SAR 13.34 ," SAR 5,509.42 ", SAR 4.00 ,30%, SAR 3.34 ," 1,652.0 "," SAR 1,652.00 ", SAR (70.26),-84%,Wrong prediction,Pending,,,,,  ,  ,,  ,
16/07/2025,SRACO,B2B,FP-FMN-01301,,WAYAKIT GreenTech Facilities Management restroom deodorizer [4 L],Odor eliminator,Facilities management,Facilities management,4.0, SAR 26.72 , SAR 129.29 , SAR 0.032 ,Price based on direct competition - Price viable with 383.9% profit margin,1,3028.0, SAR 49.20 ," SAR 148,977.60 ", SAR 22.48 ,46%, SAR 12.30 ," 12,112.0 "," SAR 68,069.44 ", SAR (80.09),-62%,Wrong prediction,Pending,,,,,  ,  ,,  ,
16/07/2025,SRACO,B2B,FP-FMN-03701,,WAYAKIT GreenTech FM Empty bottle [4 L],Other consumables,Facilities management,Facilities management,4.0, SAR 9.34 , SAR 83.60 , SAR 0.021 ,No product type. The median of Facilities management is 0.0209 SAR/ml and the recommended price per ml is 0.0209 SAR/ml. Price viable with 795.1% profit margin,4,32.0, SAR 13.34 , SAR 426.88 , SAR 4.00 ,30%, SAR 3.34 , 128.0 , SAR 128.00 , SAR (70.26),-84%,Wrong prediction,Pending,,,,,  ,  ,,  ,
16/07/2025,SRACO,B2B,FP-FMN-03701,,WAYAKIT GreenTech FM Empty bottle [4 L],Other consumables,Facilities management,Facilities management,4.0, SAR 9.34 , SAR 83.60 , SAR 0.021 ,No product type. The median of Facilities management is 0.0209 SAR/ml and the recommended price per ml is 0.0209 SAR/ml. Price viable with 795.1% profit margin,4,413.0, SAR 13.34 ," SAR 5,509.42 ", SAR 4.00 ,30%, SAR 3.34 ," 1,652.0 "," SAR 1,652.00 ", SAR (70.26),-84%,Wrong prediction,Pending,,,,,  ,  ,,  ,
16/07/2025,SRACO,B2B,FP-FMN-03701,,WAYAKIT GreenTech FM Empty bottle [4 L],Other consumables,Facilities management,Facilities management,4.0, SAR 9.34 , SAR 83.60 , SAR 0.021 ,No product type. The median of Facilities management is 0.0209 SAR/ml and the recommended price per ml is 0.0209 SAR/ml. Price viable with 795.1% profit margin,4,50.0, SAR 13.34 , SAR 667.00 , SAR 4.00 ,30%, SAR 3.34 , 200.0 , SAR 200.00 , SAR (70.26),-84%,Wrong prediction,Pending,,,,,  ,  ,,  ,
16/07/2025,SRACO,B2B,FP-FMN-03701,,WAYAKIT GreenTech FM Empty bottle [4 L],Other consumables,Facilities management,Facilities management,4.0, SAR 9.34 , SAR 83.60 , SAR 0.021 ,No product type. The median of Facilities management is 0.0209 SAR/ml and the recommended price per ml is 0.0209 SAR/ml. Price viable with 795.1% profit margin,4,219.0, SAR 13.34 ," SAR 2,921.46 ", SAR 4.00 ,30%, SAR 3.34 , 876.0 , SAR 876.00 , SAR (70.26),-84%,Wrong prediction,Pending,,,,,  ,  ,,  ,
16/07/2025,SRACO,B2B,FP-FMN-03000,,WAYAKIT GreenTech FM Liquid Hand Soap [4 L],Hand soap,Facilities management,Facilities management,4.0, SAR 14.64 , SAR 62.22 , SAR 0.016 ,Price based on direct competition - Price viable with 325.0% profit margin,1,26092.0, SAR 29.50 ," SAR 769,714.00 ", SAR 14.86 ,50%, SAR 7.38 ," 104,368.0 "," SAR 387,727.12 ", SAR (32.72),-53%,Wrong prediction,Pending,,,,,  ,  ,,  ,
16/07/2025,SRACO,B2B,FP-FMN-03000,,WAYAKIT GreenTech FM Liquid Hand Soap [4 L],Hand soap,Facilities management,Facilities management,4.0, SAR 14.64 , SAR 62.22 , SAR 0.016 ,Price based on direct competition - Price viable with 325.0% profit margin,1,32810.0, SAR 29.50 ," SAR 967,895.00 ", SAR 14.86 ,50%, SAR 7.38 ," 131,240.0 "," SAR 487,556.60 ", SAR (32.72),-53%,Wrong prediction,Pending,,,,,  ,  ,,  ,
16/07/2025,SRACO,B2B,FP-FMN-01001,,WAYAKIT GreenTech Facilities Management broad-spectrum disinfectant for surfaces and touchpoints [4 L],Disinfectant and cleaner,Facilities management,Facilities management,4.0, SAR 15.16 , SAR 53.68 , SAR 0.013 ,Price based on direct competition - Price viable with 254.1% profit margin,1,27515.0, SAR 47.52 ," SAR 1,307,512.80 ", SAR 32.36 ,68%, SAR 11.88 ," 110,060.0 "," SAR 890,385.40 ", SAR (6.16),-11%,Wrong prediction,Pending,,,,,  ,  ,,  ,
16/07/2025,SRACO,B2B,FP-FMN-01001,,WAYAKIT GreenTech Facilities Management broad-spectrum disinfectant for surfaces and touchpoints [4 L],Disinfectant and cleaner,Facilities management,Facilities management,4.0, SAR 15.16 , SAR 53.68 , SAR 0.013 ,Price based on direct competition - Price viable with 254.1% profit margin,1,9348.0, SAR 47.52 ," SAR 444,216.96 ", SAR 32.36 ,68%, SAR 11.88 ," 37,392.0 "," SAR 302,501.28 ", SAR (6.16),-11%,Wrong prediction,Pending,,,,,  ,  ,,  ,
16/07/2025,SRACO,B2B,FP-FMN-01002,,WAYAKIT GreenTech Facilities Management broad-spectrum disinfectant for surfaces and touchpoints [20 L],Disinfectant and cleaner,Facilities management,Facilities management,20.0, SAR 40.44 , SAR 268.40 , SAR 0.013 ,Price based on direct competition - Price viable with 563.7% profit margin,1,1475.0, SAR 190.00 ," SAR 280,250.00 ", SAR 149.56 ,79%, SAR 9.50 ," 29,500.0 "," SAR 220,601.00 ", SAR (78.40),-29%,Wrong prediction,Pending,,,,,  ,  ,,  ,
16/07/2025,SRACO,B2B,FP-FMN-01701,,WAYAKIT GreenTech Facilities Management degreaser for food service areas [4 L],Degreaser,Facilities management,Facilities management,4.0, SAR 13.97 , SAR 184.00 , SAR 0.046 ,Price based on direct competition - Price viable with 1217.1% profit margin,1,16260.0, SAR 38.00 ," SAR 617,880.00 ", SAR 24.03 ,63%, SAR 9.50 ," 65,040.0 "," SAR 390,727.80 ", SAR (146.00),-79%,Wrong prediction,Pending,,,,,  ,  ,,  ,
16/07/2025,SRACO,B2B,FP-FMN-00101,,WAYAKIT GreenTech Facilities Management general purpose cleaner [4 L],General purpose cleaner,Facilities management,Facilities management,4.0, SAR 15.16 , SAR 43.35 , SAR 0.011 ,Price based on direct competition - Price viable with 186.0% profit margin,1,32712.0, SAR 34.00 ," SAR 1,112,208.00 ", SAR 18.84 ,55%, SAR 8.50 ," 130,848.0 "," SAR 616,294.08 ", SAR (9.35),-22%,Wrong prediction,Pending,,,,,  ,  ,,  ,
16/07/2025,SRACO,B2B,FP-FMN-03701,,WAYAKIT GreenTech FM Empty bottle [4 L],Other consumables,Facilities management,Facilities management,4.0, SAR 9.34 , SAR 83.60 , SAR 0.021 ,No product type. The median of Facilities management is 0.0209 SAR/ml and the recommended price per ml is 0.0209 SAR/ml. Price viable with 795.1% profit margin,4,48.0, SAR 13.34 , SAR 640.32 , SAR 4.00 ,30%, SAR 3.34 , 192.0 , SAR 192.00 , SAR (70.26),-84%,Wrong prediction,Pending,,,,,  ,  ,,  ,
16/07/2025,SRACO,B2B,FP-FMN-00101,,WAYAKIT GreenTech Facilities Management general purpose cleaner [4 L],General purpose cleaner,Facilities management,Facilities management,4.0, SAR 15.16 , SAR 43.35 , SAR 0.011 ,Price based on direct competition - Price viable with 186.0% profit margin,1,692.0, SAR 34.00 ," SAR 23,528.00 ", SAR 18.84 ,55%, SAR 8.50 ," 2,768.0 "," SAR 13,037.28 ", SAR (9.35),-22%,Wrong prediction,Pending,,,,,  ,  ,,  ,
16/07/2025,SRACO,B2B,FP-FMN-01401,,WAYAKIT GreenTech Facilities Management restroom air freshener [4 L],Air freshener,Facilities management,Facilities management,4.0, SAR 19.60 , SAR 240.00 , SAR 0.060 ,Price based on direct competition - Price viable with 1124.5% profit margin,1,10619.0, SAR 55.64 ," SAR 590,841.16 ", SAR 36.04 ,65%, SAR 13.91 ," 42,476.0 "," SAR 382,708.76 ", SAR (184.36),-77%,Wrong prediction,Pending,,,,,  ,  ,,  ,
16/07/2025,SRACO,B2B,FP-FMN-00101,,WAYAKIT GreenTech Facilities Management general purpose cleaner [4 L],General purpose cleaner,Facilities management,Facilities management,4.0, SAR 15.16 , SAR 43.35 , SAR 0.011 ,Price based on direct competition - Price viable with 186.0% profit margin,1,15178.0, SAR 34.00 ," SAR 516,052.00 ", SAR 18.84 ,55%, SAR 8.50 ," 60,712.0 "," SAR 285,953.52 ", SAR (9.35),-22%,Wrong prediction,Pending,,,,,  ,  ,,  ,
16/07/2025,SRACO,B2B,FP-FMN-00601,,WAYAKIT GreenTech Facilities Management high performance carpet shampoo [4 L],Carpet shampoo,Facilities management,Facilities management,4.0, SAR 37.63 , SAR 133.68 , SAR 0.033 ,Price based on direct competition - Price viable with 255.2% profit margin,1,131.0, SAR 72.25 ," SAR 9,464.75 ", SAR 34.62 ,48%, SAR 18.06 , 524.0 ," SAR 4,534.96 ", SAR (61.43),-46%,Wrong prediction,Pending,,,,,  ,  ,,  ,
16/07/2025,SRACO,B2B,FP-FMN-02201,,WAYAKIT GreenTech Facilities Management odor eliminator [4 L],Odor eliminator,Facilities management,Facilities management,4.0, SAR 26.72 , SAR 197.18 , SAR 0.049 ,"Price based on median generic product type - B2B: 0.0493 SAR/ml = 197.18 SAR, B2C: 0.1864 SAR/ml = 745.66 SAR. Price viable with 637.9% profit margin",3,3880.0, SAR 56.15 ," SAR 217,862.00 ", SAR 29.43 ,52%, SAR 14.04 ," 15,520.0 "," SAR 114,188.40 ", SAR (141.03),-72%,Wrong prediction,Pending,,,,,  ,  ,,  ,
16/07/2025,SRACO,B2B,FP-FMN-01701,,WAYAKIT GreenTech Facilities Management degreaser for food service areas [4 L],Degreaser,Facilities management,Facilities management,4.0, SAR 13.97 , SAR 184.00 , SAR 0.046 ,Price based on direct competition - Price viable with 1217.1% profit margin,1,1010.0, SAR 38.00 ," SAR 38,380.00 ", SAR 24.03 ,63%, SAR 9.50 ," 4,040.0 "," SAR 24,270.30 ", SAR (146.00),-79%,Wrong prediction,Pending,,,,,  ,  ,,  ,
16/07/2025,SRACO,B2B,FP-FMN-00301,,WAYAKIT GreenTech Facilities Management general hard floor cleaner  [4 L],Floor cleaner,Facilities management,Facilities management,4.0, SAR 15.16 , SAR 54.83 , SAR 0.014 ,Price based on direct competition - Price viable with 261.7% profit margin,1,13713.0, SAR 32.25 ," SAR 442,244.25 ", SAR 17.09 ,53%, SAR 8.06 ," 54,852.0 "," SAR 234,355.17 ", SAR (22.58),-41%,Wrong prediction,Pending,,,,,  ,  ,,  ,
16/07/2025,SRACO,B2B,FP-FMN-01001,,WAYAKIT GreenTech Facilities Management broad-spectrum disinfectant for surfaces and touchpoints [4 L],Disinfectant and cleaner,Facilities management,Facilities management,4.0, SAR 15.16 , SAR 53.68 , SAR 0.013 ,Price based on direct competition - Price viable with 254.1% profit margin,1,5882.0, SAR 47.52 ," SAR 279,512.64 ", SAR 32.36 ,68%, SAR 11.88 ," 23,528.0 "," SAR 190,341.52 ", SAR (6.16),-11%,Wrong prediction,Pending,,,,,  ,  ,,  ,
16/07/2025,SRACO,B2B,FP-FMN-01601,,WAYAKIT GreenTech Facilities Management streak-free glass cleaner for large window areas [4 L],Glass cleaner,Facilities management,Facilities management,4.0, SAR 16.68 , SAR 40.00 , SAR 0.010 ,Price based on direct competition - Price viable with 139.8% profit margin,1,6493.0, SAR 27.96 ," SAR 181,544.28 ", SAR 11.28 ,40%, SAR 6.99 ," 25,972.0 "," SAR 73,241.04 ", SAR (12.04),-30%,Wrong prediction,Pending,,,,,  ,  ,,  ,
21/07/2025,Maraci,B2B,FP-FMN-00601,,WAYAKIT GreenTech Facilities Management high performance carpet shampoo [4 L],Carpet shampoo,Facilities management,Facilities management,4.0, SAR 37.63 , SAR 133.68 , SAR 0.033 ,Price based on direct competition - Price viable with 255.2% profit margin,1,56.0, SAR 82.25 ," SAR 4,606.00 ", SAR 44.62 ,54%, SAR 20.56 , 224.0 ," SAR 2,498.61 ", SAR (51.43),-38%,Wrong prediction,Pending,,,,,  ,  ,,  ,
21/07/2025,Maraci,B2B,FP-FMN-00401,,WAYAKIT GreenTech Facilities Management hard floor polish [4 L],Floor polish,Facilities management,Facilities management,4.0, SAR 54.29 , SAR 645.88 , SAR 0.161 ,"Price based on median generic product type - B2B: 0.1615 SAR/ml = 645.88 SAR, B2C: 0.1989 SAR/ml = 795.44 SAR. Price viable with 1089.6% profit margin",3,16.0, SAR 105.29 ," SAR 1,684.64 ", SAR 51.00 ,48%, SAR 26.32 , 64.0 , SAR 815.94 , SAR (540.59),-84%,Wrong prediction,Pending,,,,,  ,  ,,  ,
21/07/2025,Maraci,B2B,FP-FMN-03100,,WAYAKIT GreenTech FM Foam Hand Soap [4 L],Hand soap,Facilities management,Facilities management,4.0, SAR 18.24 , SAR 62.22 , SAR 0.016 ,"Price based on median generic product type - B2B: 0.0156 SAR/ml = 62.22 SAR, B2C: 0.0115 SAR/ml = 46.00 SAR. Price viable with 241.1% profit margin",3,392.0, SAR 50.22 ," SAR 19,686.24 ", SAR 31.98 ,64%, SAR 12.56 ," 1,568.0 "," SAR 12,536.16 ", SAR (12.00),-19%,Wrong prediction,Pending,,,,,  ,  ,,  ,
21/07/2025,Maraci,B2B,FP-FMN-00301,,WAYAKIT GreenTech Facilities Management general hard floor cleaner  [4 L],Floor cleaner,Facilities management,Facilities management,4.0, SAR 15.16 , SAR 54.83 , SAR 0.014 ,Price based on direct competition - Price viable with 261.7% profit margin,1,12.0, SAR 45.25 , SAR 543.00 , SAR 30.09 ,66%, SAR 11.31 , 48.0 , SAR 361.08 , SAR (9.58),-17%,Wrong prediction,Pending,,,,,  ,  ,,  ,
7/14/2025,Barns,B2B,FP-RES-00100,,WAYAKIT GreenTech Food Services Food-grade sanitizer for countertops and prep areas [700 mL],Disinfectant and cleaner,Restaurants,Horeca,0.7, SAR 4.64 , SAR 6.03 , SAR 0.009 ,Price based on direct competition - Low predicted price. Using minimum viable price with 30% profit margin.,1,3200.0, SAR 10.59 ," SAR 33,888.00 ", SAR 5.95 ,56%, SAR 15.13 ," 2,240.0 "," SAR 19,036.80 ", SAR 4.56 ,76%,Wrong prediction,Pending,,,,,  ,  ,,  ,
7/14/2025,Barns,B2B,FP-RES-00101,,WAYAKIT GreenTech Food Services Food-grade sanitizer for countertops and prep areas [4 L],Disinfectant and cleaner,Restaurants,Horeca,4.0, SAR 15.16 , SAR 32.64 , SAR 0.008 ,Price based on direct competition - Price viable with 115.3% profit margin,1,4000.0, SAR 60.52 ," SAR 242,080.00 ", SAR 45.36 ,75%, SAR 15.13 ," 16,000.0 "," SAR 181,440.00 ", SAR 27.88 ,85%,Wrong prediction,Pending,,,,,  ,  ,,  ,
7/14/2025,Barns,B2B,FP-RES-00901,,WAYAKIT GreenTech Food Services Non-slip floor cleaner for safety [4 L],Floor cleaner,Restaurants,Horeca,4.0, SAR 13.97 , SAR 80.80 , SAR 0.020 ,"Price based on median generic product type - B2B: 0.0202 SAR/ml = 80.80 SAR, B2C: 0.0288 SAR/ml = 115.34 SAR. Price viable with 48.8% profit margin",3,4000.0, SAR 43.20 ," SAR 172,800.00 ", SAR 29.23 ,68%, SAR 10.80 ," 16,000.0 "," SAR 116,920.00 ", SAR (37.60),-47%,Wrong prediction,Pending,,,,,  ,  ,,  ,
7/14/2025,Barns,B2B,FP-RES-01501,,WAYAKIT GreenTech Food Services Stainless steel polish for equipment and fixtures [4 L],Stainless steel cleaner,Restaurants,Horeca,4.0, SAR 15.14 , SAR 215.33 , SAR 0.054 ,Price based on direct competition - Price viable with 1322.1% profit margin,1,2400.0, SAR 95.88 ," SAR 230,112.00 ", SAR 80.74 ,84%, SAR 23.97 ," 9,600.0 "," SAR 193,771.20 ", SAR (119.45),-55%,Wrong prediction,Pending,,,,,  ,  ,,  ,
7/14/2025,Barns,B2B,FP-RES-01203,,WAYAKIT GreenTech Food Services Kitchen odor eliminator [Box of 12 units 700 mL],Odor eliminator,Restaurants,Horeca,8.4, SAR 79.97 , SAR 414.07 , SAR 0.049 ,"Price based on median generic product type - B2B: 0.0493 SAR/ml = 414.07 SAR, B2C: 0.1864 SAR/ml = 1565.89 SAR. Price viable with 417.8% profit margin",3,800.0, SAR 167.92 ," SAR 134,336.00 ", SAR 87.95 ,52%, SAR 19.99 ," 6,720.0 "," SAR 70,361.60 ", SAR (246.15),-59%,Wrong prediction,Pending,,,,,  ,  ,,  ,
7/14/2025,Barns,B2B,FP-RES-02201,,WAYAKIT GreenTech Food Services Gel hand sanitizer [4 L],Hand sanitizer,Restaurants,Horeca,4.0, SAR 55.24 , SAR 71.81 , SAR 0.018 ,"Price based on median generic product type - B2B: 0.0139 SAR/ml = 55.56 SAR, B2C: 0.0720 SAR/ml = 288.14 SAR. Low predicted price. Using minimum viable price with 30% profit margin.",3,4000.0, SAR 57.12 ," SAR 228,480.00 ", SAR 1.88 ,3%, SAR 14.28 ," 16,000.0 "," SAR 7,520.00 ", SAR (14.69),-20%,Wrong prediction,Pending,,,,,  ,  ,,  ,
4/30/2025,Armah Sports,B2B,FP-SPO-00101,,"WAYAKIT GreenTech Sports Multi-surface cleaner for equipment, benches, and countertops [4 L]",General purpose cleaner,Gyms,Facilities management,4.0, SAR 15.16 , SAR 100.00 , SAR 0.025 ,"Price based on median generic product type - B2B: 0.0250 SAR/ml = 100.00 SAR, B2C: 0.0338 SAR/ml = 135.04 SAR. Price viable with 559.6% profit margin",3,1.0, SAR 173.87 , SAR 173.87 , SAR 158.71 ,91%, SAR 43.47 , 4.0 , SAR 158.71 , SAR 73.87 ,74%,Wrong prediction,Pending,,,,,  ,  ,,  ,
4/30/2025,Armah Sports,B2B,FP-SPO-01001,,WAYAKIT GreenTech Sports Toilet bowl and urinal cleaner [4 L],"Toilet, shower and tile cleaner",Gyms,Facilities management,4.0, SAR 23.08 , SAR 94.79 , SAR 0.024 ,"Price based on median generic product type - B2B: 0.0237 SAR/ml = 94.79 SAR, B2C: 0.0310 SAR/ml = 124.00 SAR. Price viable with 310.7% profit margin",3,1.0, SAR 230.02 , SAR 230.02 , SAR 206.94 ,90%, SAR 57.50 , 4.0 , SAR 206.94 , SAR 135.22 ,143%,Wrong prediction,Pending,,,,,  ,  ,,  ,
4/30/2025,Armah Sports,B2B,FP-SPO-00301,,WAYAKIT GreenTech Sports Streak-free glass cleaner for mirrors and windows [4 L],Glass cleaner,Gyms,Facilities management,4.0, SAR 16.68 , SAR 46.15 , SAR 0.012 ,"Price based on median generic product type - B2B: 0.0115 SAR/ml = 46.15 SAR, B2C: 0.0216 SAR/ml = 86.30 SAR. Price viable with 176.7% profit margin",3,1.0, SAR 102.50 , SAR 102.50 , SAR 85.82 ,84%, SAR 25.63 , 4.0 , SAR 85.82 , SAR 56.35 ,122%,Wrong prediction,Pending,,,,,  ,  ,,  ,
4/30/2025,Armah Sports,B2B,FP-HOT-02601,,WAYAKIT GreenTech Hotels Stainless steel polish for equipment and fixtures [4 L],Stainless steel cleaner,Hotels,Horeca,4.0, SAR 15.14 , SAR 125.51 , SAR 0.031 ,"Price based on median generic product type - B2B: 0.0314 SAR/ml = 125.51 SAR, B2C: 0.1005 SAR/ml = 402.01 SAR. Price viable with 728.9% profit margin",3,1.0, SAR 236.10 , SAR 236.10 , SAR 220.96 ,94%, SAR 59.03 , 4.0 , SAR 220.96 , SAR 110.59 ,88%,Wrong prediction,Pending,,,,,  ,  ,,  ,
4/30/2025,Armah Sports,B2B,FP-SPO-01201,,WAYAKIT GreenTech Sports Shower and tile cleaner [4 L],"Toilet, shower and tile cleaner",Gyms,Facilities management,4.0, SAR 15.16 , SAR 94.79 , SAR 0.024 ,"Price based on median generic product type - B2B: 0.0237 SAR/ml = 94.79 SAR, B2C: 0.0310 SAR/ml = 124.00 SAR. Price viable with 525.3% profit margin",3,1.0, SAR 236.10 , SAR 236.10 , SAR 220.94 ,94%, SAR 59.03 , 4.0 , SAR 220.94 , SAR 141.31 ,149%,Wrong prediction,Pending,,,,,  ,  ,,  ,
4/30/2025,Armah Sports,B2B,FP-AUT-00202,,WAYAKIT GreenTech Automotive Waterless car wash spray [4 L],Vehicle dry wash exterior cleaner,Automotive,Transportation,4.0, SAR 58.29 , SAR 399.60 , SAR 0.100 ,Price based on direct competition - Price viable with 585.5% profit margin,1,1.0, SAR 230.74 , SAR 230.74 , SAR 172.44 ,75%, SAR 57.68 , 4.0 , SAR 172.44 , SAR (168.86),-42%,Wrong prediction,Pending,,,,,  ,  ,,  ,
4/30/2025,Armah Sports,B2B,FP-SPO-00401,,WAYAKIT GreenTech Sports Non-slip floor cleaner for gym floors and exercise areas [4 L],Floor cleaner,Gyms,Facilities management,4.0, SAR 54.29 , SAR 80.80 , SAR 0.020 ,"Price based on median generic product type - B2B: 0.0202 SAR/ml = 80.80 SAR, B2C: 0.0288 SAR/ml = 115.34 SAR. Price viable with 48.8% profit margin",3,1.0, SAR 177.66 , SAR 177.66 , SAR 123.37 ,69%, SAR 44.42 , 4.0 , SAR 123.37 , SAR 96.86 ,120%,Wrong prediction,Pending,,,,,  ,  ,,  ,
7/14/2025,T Sport,B2B,FP-SPO-00401,,WAYAKIT GreenTech Sports Non-slip floor cleaner for gym floors and exercise areas [4 L],Floor cleaner,Gyms,Facilities management,4.0, SAR 54.29 , SAR 80.80 , SAR 0.020 ,"Price based on median generic product type - B2B: 0.0202 SAR/ml = 80.80 SAR, B2C: 0.0288 SAR/ml = 115.34 SAR. Price viable with 48.8% profit margin",3,19.0, SAR 158.05 ," SAR 3,002.95 ", SAR 103.76 ,66%, SAR 39.51 , 76.0 ," SAR 1,971.36 ", SAR 77.25 ,96%,Wrong prediction,Pending,,,,,  ,  ,,  ,
7/14/2025,T Sport,B2B,FP-FMN-03600,,WAYAKIT GreenTech FM Manual dishwashing soap [4 L],Dishwashing soap,Facilities management,Facilities management,4.0, SAR 44.64 , SAR 105.26 , SAR 0.026 ,Price based on direct competition - Price viable with 135.8% profit margin,1,5.0, SAR 57.20 , SAR 286.00 , SAR 12.56 ,22%, SAR 14.30 , 20.0 , SAR 62.80 , SAR (48.06),-46%,Wrong prediction,Pending,,,,,  ,  ,,  ,
7/14/2025,T Sport,B2B,FP-SPO-01001,,WAYAKIT GreenTech Sports Toilet bowl and urinal cleaner [4 L],"Toilet, shower and tile cleaner",Gyms,Facilities management,4.0, SAR 23.08 , SAR 94.79 , SAR 0.024 ,"Price based on median generic product type - B2B: 0.0237 SAR/ml = 94.79 SAR, B2C: 0.0310 SAR/ml = 124.00 SAR. Price viable with 310.7% profit margin",3,15.0, SAR 173.05 ," SAR 2,595.75 ", SAR 149.97 ,87%, SAR 43.26 , 60.0 ," SAR 2,249.55 ", SAR 78.26 ,83%,Wrong prediction,Pending,,,,,  ,  ,,  ,
7/14/2025,T Sport,B2B,FP-SPO-01001,,WAYAKIT GreenTech Sports Toilet bowl and urinal cleaner [4 L],"Toilet, shower and tile cleaner",Gyms,Facilities management,4.0, SAR 23.08 , SAR 94.79 , SAR 0.024 ,"Price based on median generic product type - B2B: 0.0237 SAR/ml = 94.79 SAR, B2C: 0.0310 SAR/ml = 124.00 SAR. Price viable with 310.7% profit margin",3,15.0, SAR 173.05 ," SAR 2,595.75 ", SAR 149.97 ,87%, SAR 43.26 , 60.0 ," SAR 2,249.55 ", SAR 78.26 ,83%,Wrong prediction,Pending,,,,,  ,  ,,  ,
7/14/2025,T Sport,B2B,FP-SPO-01301,,WAYAKIT GreenTech Sports Broad-spectrum disinfectant for surfaces [4 L],Disinfectant and cleaner,Gyms,Facilities management,4.0, SAR 15.16 , SAR 60.52 , SAR 0.015 ,"Price based on median generic product type - B2B: 0.0151 SAR/ml = 60.52 SAR, B2C: 0.0581 SAR/ml = 232.48 SAR. Price viable with 299.2% profit margin",3,33.0, SAR 172.89 ," SAR 5,705.37 ", SAR 157.73 ,91%, SAR 43.22 , 132.0 ," SAR 5,205.09 ", SAR 112.37 ,186%,Wrong prediction,Pending,,,,,  ,  ,,  ,
7/14/2025,T Sport,B2B,FP-SPO-01301,,WAYAKIT GreenTech Sports Broad-spectrum disinfectant for surfaces [4 L],Disinfectant and cleaner,Gyms,Facilities management,4.0, SAR 15.16 , SAR 60.52 , SAR 0.015 ,"Price based on median generic product type - B2B: 0.0151 SAR/ml = 60.52 SAR, B2C: 0.0581 SAR/ml = 232.48 SAR. Price viable with 299.2% profit margin",3,33.0, SAR 172.89 ," SAR 5,705.37 ", SAR 157.73 ,91%, SAR 43.22 , 132.0 ," SAR 5,205.09 ", SAR 112.37 ,186%,Wrong prediction,Pending,,,,,  ,  ,,  ,
7/14/2025,T Sport,B2B,FP-SPO-01301,,WAYAKIT GreenTech Sports Broad-spectrum disinfectant for surfaces [4 L],Disinfectant and cleaner,Gyms,Facilities management,4.0, SAR 15.16 , SAR 60.52 , SAR 0.015 ,"Price based on median generic product type - B2B: 0.0151 SAR/ml = 60.52 SAR, B2C: 0.0581 SAR/ml = 232.48 SAR. Price viable with 299.2% profit margin",3,11.0, SAR 172.89 ," SAR 1,901.79 ", SAR 157.73 ,91%, SAR 43.22 , 44.0 ," SAR 1,735.03 ", SAR 112.37 ,186%,Wrong prediction,Pending,,,,,  ,  ,,  ,
7/14/2025,T Sport,B2B,FP-SPO-01301,,WAYAKIT GreenTech Sports Broad-spectrum disinfectant for surfaces [4 L],Disinfectant and cleaner,Gyms,Facilities management,4.0, SAR 15.16 , SAR 60.52 , SAR 0.015 ,"Price based on median generic product type - B2B: 0.0151 SAR/ml = 60.52 SAR, B2C: 0.0581 SAR/ml = 232.48 SAR. Price viable with 299.2% profit margin",3,9.0, SAR 172.89 ," SAR 1,556.01 ", SAR 157.73 ,91%, SAR 43.22 , 36.0 ," SAR 1,419.57 ", SAR 112.37 ,186%,Wrong prediction,Pending,,,,,  ,  ,,  ,
6/2/2025,T Sport,B2B,FP-SPO-02003,,WAYAKIT GreenTech Sports Air freshener [Box of 12 units 700 mL],Air freshener,Gyms,Facilities management,8.4, SAR 65.02 , SAR 420.00 , SAR 0.050 ,"Price based on median generic product type - B2B: 0.0500 SAR/ml = 420.00 SAR, B2C: 0.0983 SAR/ml = 825.38 SAR. Price viable with 546.0% profit margin",3,2.0, SAR 350.64 , SAR 701.28 , SAR 285.62 ,81%, SAR 41.74 , 16.8 , SAR 571.25 , SAR (69.36),-17%,Wrong prediction,Pending,,,,,  ,  ,,  ,
6/2/2025,T Sport,B2B,FP-SPO-00301,,WAYAKIT GreenTech Sports Streak-free glass cleaner for mirrors and windows [4 L],Glass cleaner,Gyms,Facilities management,4.0, SAR 16.68 , SAR 46.15 , SAR 0.012 ,"Price based on median generic product type - B2B: 0.0115 SAR/ml = 46.15 SAR, B2C: 0.0216 SAR/ml = 86.30 SAR. Price viable with 176.7% profit margin",3,8.0, SAR 95.42 , SAR 763.36 , SAR 78.74 ,83%, SAR 23.86 , 32.0 , SAR 629.92 , SAR 49.27 ,107%,Wrong prediction,Pending,,,,,  ,  ,,  ,
6/2/2025,Coast line,B2B,FP-RES-00101,,WAYAKIT GreenTech Food Services Food-grade sanitizer for countertops and prep areas [4 L],Disinfectant and cleaner,Restaurants,Horeca,4.0, SAR 15.16 , SAR 32.64 , SAR 0.008 ,Price based on direct competition - Price viable with 115.3% profit margin,1,2.0, SAR 60.52 , SAR 121.04 , SAR 45.36 ,75%, SAR 15.13 , 8.0 , SAR 90.72 , SAR 27.88 ,85%,Wrong prediction,Pending,,,,,  ,  ,,  ,
6/2/2025,Coast line,B2B,FP-RES-00101,,WAYAKIT GreenTech Food Services Food-grade sanitizer for countertops and prep areas [4 L],Disinfectant and cleaner,Restaurants,Horeca,4.0, SAR 15.16 , SAR 32.64 , SAR 0.008 ,Price based on direct competition - Price viable with 115.3% profit margin,1,2.0, SAR 60.52 , SAR 121.04 , SAR 45.36 ,75%, SAR 15.13 , 8.0 , SAR 90.72 , SAR 27.88 ,85%,Wrong prediction,Pending,,,,,  ,  ,,  ,
6/2/2025,Coast line,B2B,FP-RES-00401,,WAYAKIT GreenTech Food Services General sanitizer for vegetable and salad washing [4 L],Disinfectant and cleaner,Restaurants,Horeca,4.0, SAR 15.16 , SAR 19.71 , SAR 0.005 ,Price based on direct competition - Low predicted price. Using minimum viable price with 30% profit margin.,1,2.0, SAR 117.30 , SAR 234.60 , SAR 102.14 ,87%, SAR 29.33 , 8.0 , SAR 204.28 , SAR 97.59 ,495%,Wrong prediction,Pending,,,,,  ,  ,,  ,
6/2/2025,Coast line,B2B,FP-RES-02201,,WAYAKIT GreenTech Food Services Gel hand sanitizer [4 L],Hand sanitizer,Restaurants,Horeca,4.0, SAR 55.24 , SAR 71.81 , SAR 0.018 ,"Price based on median generic product type - B2B: 0.0139 SAR/ml = 55.56 SAR, B2C: 0.0720 SAR/ml = 288.14 SAR. Low predicted price. Using minimum viable price with 30% profit margin.",3,2.0, SAR 57.12 , SAR 114.24 , SAR 1.88 ,3%, SAR 14.28 , 8.0 , SAR 3.76 , SAR (14.69),-20%,Wrong prediction,Pending,,,,,  ,  ,,  ,
6/2/2025,Coast line,B2B,FP-RES-02101,,WAYAKIT GreenTech Food Services Hand soap [4 L],Hand soap,Restaurants,Horeca,4.0, SAR 14.64 , SAR 42.50 , SAR 0.011 ,Price based on direct competition - Price viable with 190.3% profit margin,1,2.0, SAR 35.70 , SAR 71.40 , SAR 21.06 ,59%, SAR 8.93 , 8.0 , SAR 42.12 , SAR (6.80),-16%,Wrong prediction,Pending,,,,,  ,  ,,  ,
6/2/2025,Coast line,B2B,FP-RES-00801,,WAYAKIT GreenTech Food Services Oven and fryer cleaner [4 L],Degreaser,Restaurants,Horeca,4.0, SAR 13.97 , SAR 44.55 , SAR 0.011 ,Price based on direct competition - Price viable with 218.9% profit margin,1,2.0, SAR 39.10 , SAR 78.20 , SAR 25.13 ,64%, SAR 9.78 , 8.0 , SAR 50.26 , SAR (5.45),-12%,Wrong prediction,Pending,,,,,  ,  ,,  ,
6/2/2025,Coast line,B2B,FP-RES-01901,,WAYAKIT GreenTech Food Services Heavy-duty toilet and urinal cleaner [4 L],"Toilet, shower and tile cleaner",Restaurants,Horeca,4.0, SAR 23.08 , SAR 94.79 , SAR 0.024 ,"Price based on median generic product type - B2B: 0.0237 SAR/ml = 94.79 SAR, B2C: 0.0310 SAR/ml = 124.00 SAR. Price viable with 310.7% profit margin",3,2.0, SAR 46.24 , SAR 92.48 , SAR 23.16 ,50%, SAR 11.56 , 8.0 , SAR 46.32 , SAR (48.55),-51%,Wrong prediction,Pending,,,,,  ,  ,,  ,
6/2/2025,Coast line,B2B,FP-FMN-03700,,WAYAKIT GreenTech FM Empty bottle [700 mL],Other consumables,Facilities management,Facilities management,0.7, SAR 3.21 , SAR 14.63 , SAR 0.021 ,No product type. The median of Facilities management is 0.0209 SAR/ml and the recommended price per ml is 0.0209 SAR/ml. Price viable with 355.8% profit margin,4,1.0, SAR 3.10 , SAR 3.10 , SAR (0.11),-4%, SAR 4.43 , 0.7 , SAR (0.11), SAR (11.53),-79%,Wrong prediction,Pending,,,,,  ,  ,,  ,
3/10/2025,Al Khozama,B2B,FP-FMN-00201,,WAYAKIT GreenTech Facilities Management wood furniture cleaner [4 L],Furniture polish,Facilities management,Facilities management,4.0, SAR 54.29 , SAR 138.23 , SAR 0.035 ,Price based on direct competition - Price viable with 154.6% profit margin,1,1.0, SAR 332.40 , SAR 332.40 , SAR 278.11 ,84%, SAR 83.10 , 4.0 , SAR 278.11 , SAR 194.17 ,140%,Wrong prediction,Pending,,,,,  ,  ,,  ,
3/10/2025,Al Khozama,B2B,FP-FMN-00401,,WAYAKIT GreenTech Facilities Management hard floor polish [4 L],Floor polish,Facilities management,Facilities management,4.0, SAR 54.29 , SAR 645.88 , SAR 0.161 ,"Price based on median generic product type - B2B: 0.1615 SAR/ml = 645.88 SAR, B2C: 0.1989 SAR/ml = 795.44 SAR. Price viable with 1089.6% profit margin",3,1.0, SAR 106.28 , SAR 106.28 , SAR 51.99 ,49%, SAR 26.57 , 4.0 , SAR 51.99 , SAR (539.60),-84%,Wrong prediction,Pending,,,,,  ,  ,,  ,
3/10/2025,Al Khozama,B2B,FP-FMN-00301,,WAYAKIT GreenTech Facilities Management general hard floor cleaner  [4 L],Floor cleaner,Facilities management,Facilities management,4.0, SAR 15.16 , SAR 54.83 , SAR 0.014 ,Price based on direct competition - Price viable with 261.7% profit margin,1,1.0, SAR 106.29 , SAR 106.29 , SAR 91.13 ,86%, SAR 26.57 , 4.0 , SAR 91.13 , SAR 51.46 ,94%,Wrong prediction,Pending,,,,,  ,  ,,  ,
3/10/2025,Al Khozama,B2B,FP-FMN-00701,,WAYAKIT GreenTech Facilities Management stain spot remover [4 L],Stain remover,Facilities management,Facilities management,4.0, SAR 58.48 , SAR 308.20 , SAR 0.077 ,"Price based on median generic product type - B2B: 0.0771 SAR/ml = 308.20 SAR, B2C: 0.0987 SAR/ml = 394.82 SAR. Price viable with 427.0% profit margin",3,1.0, SAR 79.56 , SAR 79.56 , SAR 21.08 ,27%, SAR 19.89 , 4.0 , SAR 21.08 , SAR (228.64),-74%,Wrong prediction,Pending,,,,,  ,  ,,  ,
3/10/2025,Al Khozama,B2B,FP-FMN-01201,,WAYAKIT GreenTech Facilities Management heavy-duty toilet and urinal cleaner [4 L],"Toilet, shower and tile cleaner",Facilities management,Facilities management,4.0, SAR 23.08 , SAR 65.54 , SAR 0.016 ,Price based on direct competition - Price viable with 184.0% profit margin,1,1.0, SAR 115.00 , SAR 115.00 , SAR 91.92 ,80%, SAR 28.75 , 4.0 , SAR 91.92 , SAR 49.46 ,75%,Wrong prediction,Pending,,,,,  ,  ,,  ,
3/10/2025,Al Khozama,B2B,FP-FMN-01401,,WAYAKIT GreenTech Facilities Management restroom air freshener [4 L],Air freshener,Facilities management,Facilities management,4.0, SAR 19.60 , SAR 240.00 , SAR 0.060 ,Price based on direct competition - Price viable with 1124.5% profit margin,1,1.0, SAR 191.81 , SAR 191.81 , SAR 172.21 ,90%, SAR 47.95 , 4.0 , SAR 172.21 , SAR (48.19),-20%,Wrong prediction,Pending,,,,,  ,  ,,  ,
3/10/2025,Al Khozama,B2B,FP-FMN-01601,,WAYAKIT GreenTech Facilities Management streak-free glass cleaner for large window areas [4 L],Glass cleaner,Facilities management,Facilities management,4.0, SAR 16.68 , SAR 40.00 , SAR 0.010 ,Price based on direct competition - Price viable with 139.8% profit margin,1,1.0, SAR 73.36 , SAR 73.36 , SAR 56.68 ,77%, SAR 18.34 , 4.0 , SAR 56.68 , SAR 33.36 ,83%,Wrong prediction,Pending,,,,,  ,  ,,  ,
3/10/2025,Al Khozama,B2B,FP-FMN-01001,,WAYAKIT GreenTech Facilities Management broad-spectrum disinfectant for surfaces and touchpoints [4 L],Disinfectant and cleaner,Facilities management,Facilities management,4.0, SAR 15.16 , SAR 53.68 , SAR 0.013 ,Price based on direct competition - Price viable with 254.1% profit margin,1,1.0, SAR 123.20 , SAR 123.20 , SAR 108.04 ,88%, SAR 30.80 , 4.0 , SAR 108.04 , SAR 69.52 ,130%,Wrong prediction,Pending,,,,,  ,  ,,  ,
3/10/2025,Al Khozama,B2B,FP-FMN-02301,,WAYAKIT GreenTech Facilities Management stainless steel polish and cleaner for fixtures and fittings [4 L],Stainless steel cleaner,Facilities management,Facilities management,4.0, SAR 15.14 , SAR 130.00 , SAR 0.033 ,Price based on direct competition - Price viable with 758.5% profit margin,1,1.0, SAR 54.76 , SAR 54.76 , SAR 39.62 ,72%, SAR 13.69 , 4.0 , SAR 39.62 , SAR (75.24),-58%,Wrong prediction,Pending,,,,,  ,  ,,  ,
3/10/2025,Al Khozama,B2B,FP-HOT-04901,,WAYAKIT GreenTech Hotels Leather cleaner [4 L],Leather and vinyl cleaner,Hotels,Horeca,4.0, SAR 15.16 , SAR 418.60 , SAR 0.105 ,Price based on median generic product type - B2C: 0.1047 SAR/ml = 418.60 SAR. Price viable with 2661.2% profit margin,3,1.0, SAR 88.00 , SAR 88.00 , SAR 72.84 ,83%, SAR 22.00 , 4.0 , SAR 72.84 , SAR (330.60),-79%,Wrong prediction,Pending,,,,,  ,  ,,  ,
3/8/2025,Maison De Joelle,B2B,FP-SPA-01100,,WAYAKIT GreenTech Spas and Salons Broad-spectrum disinfectant for spas and salons equipment [700 mL],Disinfectant and cleaner,Spas and salons,Facilities management,0.7, SAR 4.64 , SAR 10.59 , SAR 0.015 ,"Price based on median generic product type - B2B: 0.0151 SAR/ml = 10.59 SAR, B2C: 0.0581 SAR/ml = 40.68 SAR. Price viable with 128.2% profit margin",3,5.0, SAR 27.89 , SAR 139.45 , SAR 23.25 ,83%, SAR 39.84 , 3.5 , SAR 116.25 , SAR 17.30 ,163%,Wrong prediction,Pending,,,,,  ,  ,,  ,
3/8/2025,Maison De Joelle,B2B,FP-HOT-04901,,WAYAKIT GreenTech Hotels Leather cleaner [4 L],Leather and vinyl cleaner,Hotels,Horeca,4.0, SAR 15.16 , SAR 418.60 , SAR 0.105 ,Price based on median generic product type - B2C: 0.1047 SAR/ml = 418.60 SAR. Price viable with 2661.2% profit margin,3,5.0, SAR 57.25 , SAR 286.25 , SAR 42.09 ,74%, SAR 14.31 , 20.0 , SAR 210.45 , SAR (361.35),-86%,Wrong prediction,Pending,,,,,  ,  ,,  ,
3/8/2025,Maison De Joelle,B2B,FP-SPA-01200,,WAYAKIT GreenTech Spas and Salons Surface disinfectant wet rags for spas and salons equipment [Pack of 20 wet rags],Cleaning wet wipes,Spas and salons,Facilities management,0.0, SAR 9.01 , SAR 11.71 , SAR -   ,Price based on median generic product type - B2C: 0.2500 SAR/ml = 5.00 SAR. Low predicted price. Using minimum viable price with 30% profit margin.,3,5.0, SAR 37.81 , SAR 189.05 , SAR 28.80 ,76%, SAR -   , -   , SAR 144.00 , SAR 26.10 ,223%,Wrong prediction,Pending,,,,,  ,  ,,  ,
